提交时间,题目,提交人,提交内容,状态,信息
2025-10-14 10:48:50,Local Alchemy,Lost-MSth,furious cocktail,答案正确,答案正确！
2025-10-14 10:44:18,Local Alchemy,Lost-MSth,fizz cocktail,答案错误,答案错误！
2025-10-14 01:21:14,Travel Maker,Lost-MSth,indoor club,答案正确,答案正确！
2025-10-14 01:20:33,Travel Maker,Lost-MSth,from my soul,答案错误,答案错误！
2025-10-14 01:20:19,Travel Maker,Lost-MSth,future soul,答案错误,答案错误！
2025-10-14 01:18:56,Travel Maker,Lost-MSth,island club,答案错误,答案错误！
2025-10-14 01:00:37,Travel Maker,Lost-MSth,blue tri,答案错误,答案错误！
2025-10-14 01:00:30,Travel Maker,Lost-MSth,blue oni,答案错误,答案错误！
2025-10-14 01:00:23,Travel Maker,Lost-MSth,blue ski,答案错误,答案错误！
2025-10-14 00:58:51,Travel Maker,Lost-MSth,bhudevi,答案错误,答案错误！
2025-10-14 00:57:37,Travel Maker,Lost-MSth,loud as f,答案错误,答案错误！
2025-10-14 00:56:32,Travel Maker,Lost-MSth,flu cell,答案错误,答案错误！
2025-10-14 00:56:14,Travel Maker,Lost-MSth,flu bill,答案错误,答案错误！
2025-10-14 00:56:02,Travel Maker,Lost-MSth,flu well,答案错误,答案错误！
2025-10-14 00:55:01,Travel Maker,Lost-MSth,four ill,答案错误,答案错误！
2025-10-14 00:54:24,Travel Maker,Lost-MSth,frundel,答案错误,答案错误！
2025-10-14 00:54:21,Travel Maker,Lost-MSth,fournil ,答案错误,答案错误！
2025-10-14 00:54:18,Travel Maker,Lost-MSth,fournel ,答案错误,答案错误！
2025-10-14 00:54:13,Travel Maker,Lost-MSth,fourall ,答案错误,答案错误！
2025-10-14 00:54:07,Travel Maker,Lost-MSth,fluegel ,答案错误,答案错误！
2025-10-14 00:54:03,Travel Maker,Lost-MSth,fluavil,答案错误,答案错误！
2025-10-14 00:53:59,Travel Maker,Lost-MSth,feustel ,答案错误,答案错误！
2025-10-14 00:52:46,Travel Maker,Lost-MSth,bouilli,答案错误,答案错误！
2025-10-14 00:52:27,Travel Maker,Lost-MSth,fluidal ,答案错误,答案错误！
2025-10-14 00:52:23,Travel Maker,Lost-MSth,faucial ,答案错误,答案错误！
2025-10-14 00:50:47,Travel Maker,Lost-MSth,laugh of,答案错误,答案错误！
2025-10-14 00:50:32,Travel Maker,Lost-MSth,loud off,答案错误,答案错误！
2025-10-14 00:48:35,Travel Maker,Lost-MSth,bruschi,答案错误,答案错误！
2025-10-14 00:47:33,Travel Maker,Lost-MSth,four oil,答案错误,答案错误！
2025-10-14 00:47:26,Travel Maker,Lost-MSth,fluvial,答案错误,答案错误！
2025-10-14 00:46:05,Travel Maker,Lost-MSth,fearful,答案错误,答案错误！
2025-10-14 00:45:58,Travel Maker,Lost-MSth,factual,答案错误,答案错误！
2025-10-14 00:45:54,Travel Maker,Lost-MSth,fulfill,答案错误,答案错误！
2025-10-14 00:45:45,Travel Maker,Lost-MSth,federal,答案错误,答案错误！
2025-10-14 00:40:33,Travel Maker,Lost-MSth,first novel,答案错误,答案错误！
2025-10-14 00:36:08,Local Alchemy,Lost-MSth,Chicken,答案错误,答案错误！
2025-10-14 00:36:04,Local Alchemy,Lost-MSth,Chicken Jockey,答案错误,答案错误！
2025-10-14 00:16:45,海啸,Lost-MSth,tsunami wrath,答案正确,答案正确！
2025-10-14 00:16:22,海啸,Lost-MSth,wrath,里程碑,这是本题答案的一部分！
2025-10-14 00:15:40,海啸,Lost-MSth,fiendish,答案错误,答案错误！
2025-10-14 00:14:48,海啸,Lost-MSth,tsunami watch,答案错误,答案错误！
2025-10-14 00:14:17,海啸,Lost-MSth,tsunami research,答案错误,答案错误！
2025-10-14 00:11:07,海啸,Lost-MSth,which,答案错误,答案错误！
2025-10-14 00:08:45,海啸,Lost-MSth,tsunami,里程碑,这是本题答案的一部分！
2025-10-14 00:06:52,海啸,Lost-MSth,need,答案错误,答案错误！
2025-10-14 00:05:16,海啸,Lost-MSth,placement,答案错误,答案错误！
2025-10-14 00:03:21,海啸,Lost-MSth,read,答案错误,答案错误！
2025-10-13 23:44:47,海啸,Lost-MSth,special,答案错误,答案错误！
2025-10-13 23:44:14,海啸,Lost-MSth,planter,答案错误,答案错误！
2025-10-13 23:44:07,海啸,Lost-MSth,the,答案错误,答案错误！
2025-10-13 23:43:49,海啸,Lost-MSth,disastrous,里程碑,这个词在本题的图中！
2025-10-13 22:20:48,光合作用,Lost-MSth,nature scene,答案正确,答案正确！
2025-10-13 22:19:58,光合作用,Lost-MSth,nailed scene,答案错误,答案错误！
2025-10-13 19:31:15,心跳谜学部,Lost-MSth,entity script,答案正确,答案正确！
2025-10-13 19:24:23,心跳谜学部,Lost-MSth,ettore script,答案错误,答案错误！
2025-10-13 19:22:58,心跳谜学部,Lost-MSth,ethnic script,答案错误,答案错误！
2025-10-13 19:21:44,心跳谜学部,Lost-MSth,ending script,答案错误,答案错误！
2025-10-13 19:21:32,心跳谜学部,Lost-MSth,entire script,答案错误,答案错误！
2025-10-13 19:21:26,心跳谜学部,Lost-MSth,editor script,答案错误,答案错误！
2025-10-13 18:26:35,心跳谜学部,Lost-MSth,story script,答案错误,答案错误！
2025-10-13 14:20:56,评分标准,Lost-MSth,extreme plants,答案正确,答案正确！
2025-10-13 14:19:32,评分标准,Lost-MSth,extremepwants,答案错误,答案错误！
2025-10-13 02:46:21,明日谜,DE,antihero,答案正确,答案正确！
2025-10-13 02:20:02,Red and Blue,DE,insanegreen,答案正确,答案正确！
2025-10-13 02:19:55,Red and Blue,DE,greeninsane,答案错误,答案错误！
2025-10-13 02:17:48,Red and Blue,DE,insane,里程碑,这是本题答案的一部分！另一部分……不是刚刚少的那个吗？
2025-10-13 02:13:52,Red and Blue,DE,invent,答案错误,答案错误！
2025-10-13 02:13:19,Red and Blue,DE,intcnt,答案错误,答案错误！
2025-10-13 02:13:14,Red and Blue,DE,intent,答案错误,答案错误！
2025-10-13 02:05:48,Red and Blue,DE,whatslost,里程碑,是啊，少了些什么呢......再看看题目吧！
2025-10-13 02:00:58,Red and Blue,DE,chatslost,答案错误,答案错误！
2025-10-13 00:00:36,所见,Lost-MSth,nothing more than a nut shell,答案正确,答案正确！
2025-10-13 00:00:12,所见,Lost-MSth,nothing more than a lust hell,答案错误,答案错误！
2025-10-13 00:00:07,所见,Lost-MSth,nothing more than a rust hell,答案错误,答案错误！
2025-10-12 23:59:38,所见,Lost-MSth,nothing more than a dust hell,答案错误,答案错误！
2025-10-12 23:57:55,所见,Lost-MSth,nothing more than a must hell,答案错误,答案错误！
2025-10-12 23:56:12,所见,Lost-MSth,nothing more than a just hell,答案错误,答案错误！
2025-10-12 23:56:04,所见,Lost-MSth,nothing more than agust hell,答案错误,答案错误！
2025-10-12 23:28:58,所见,Lost-MSth,determinants,里程碑,这是本题的中间答案！
2025-10-12 20:49:15,六方，链接与量子效应,Lost-MSth,cry loud on the spires,答案正确,答案正确！
2025-10-12 19:27:22,六方，链接与量子效应,Lost-MSth,e ud s re t ry i lo p sc h on,答案错误,答案错误！
2025-10-12 19:22:53,六方，链接与量子效应,Lost-MSth,retry one cloudships,答案错误,答案错误！
2025-10-12 18:24:24,六方，链接与量子效应,Lost-MSth,estate,答案错误,答案错误！
2025-10-12 18:24:17,六方，链接与量子效应,Lost-MSth,escape,答案错误,答案错误！
2025-10-12 18:04:07,奇点,Lost-MSth,one,答案正确,答案正确！
2025-10-12 18:04:01,奇点,Lost-MSth,一,里程碑,答案正确！请提交其英文。
2025-10-12 18:03:40,奇点,Lost-MSth,离,答案错误,答案错误！
2025-10-12 17:54:07,奇点,Lost-MSth,cdyblast,里程碑,这是里程碑！完整形式为CANDYBLAST。
2025-10-12 17:54:02,奇点,Lost-MSth,candy blast,答案错误,答案错误！
2025-10-12 17:53:41,奇点,Lost-MSth,candy class,答案错误,答案错误！
2025-10-12 17:53:37,奇点,Lost-MSth,candy glass,答案错误,答案错误！
2025-10-12 17:51:52,奇点,Lost-MSth,cdy class,答案错误,答案错误！
2025-10-12 17:46:37,奇点,Lost-MSth,a dye last,答案错误,答案错误！
2025-10-12 17:45:49,奇点,Lost-MSth,zandy blast,答案错误,答案错误！
2025-10-12 17:45:44,奇点,Lost-MSth,zdy blast,答案错误,答案错误！
2025-10-12 17:40:27,奇点,Lost-MSth,idyl last,答案错误,答案错误！
2025-10-12 17:28:32,奇点,Lost-MSth,sandy flash,答案错误,答案错误！
2025-10-12 17:28:27,奇点,Lost-MSth,sdy flash,答案错误,答案错误！
2025-10-12 17:27:16,奇点,Lost-MSth,rgy v lasz,答案错误,答案错误！
2025-10-12 17:24:57,明日谜,Lost-MSth,eva,答案错误,答案错误！
2025-10-12 17:23:01,明日谜,Lost-MSth,新世纪福音战士标题,答案错误,答案错误！
2025-10-12 17:20:26,一镜到底,Lost-MSth,note toxin,答案正确,答案正确！
2025-10-12 17:20:22,一镜到底,Lost-MSth,vote toxin,答案错误,答案错误！
2025-10-12 14:33:56,明日谜,Lost-MSth,新,答案错误,答案错误！
2025-10-12 14:32:11,明日谜,Lost-MSth,新世纪福音战士,答案错误,答案错误！
2025-10-12 14:16:34,歌颂重生,Lost-MSth,Scenery Birth,答案正确,答案正确！
2025-10-12 14:16:18,歌颂重生,Lost-MSth,Scenic Birth,答案错误,答案错误！
2025-10-12 13:16:45,LA 在玩 maimai,Lost-MSth,gather in,答案正确,答案正确！
2025-10-12 13:15:37,LA 在玩 maimai,Lost-MSth,hardship,答案错误,答案错误！
2025-10-12 13:15:26,LA 在玩 maimai,Lost-MSth,harmonic,答案错误,答案错误！
2025-10-12 13:12:43,LA 在玩 maimai,Lost-MSth,historia,答案错误,答案错误！
2025-10-12 13:12:06,LA 在玩 maimai,Lost-MSth,histeria,答案错误,答案错误！
2025-10-12 13:12:00,LA 在玩 maimai,Lost-MSth,hesperia,答案错误,答案错误！
2025-10-12 13:09:03,LA 在玩 maimai,Lost-MSth,wisteria,答案错误,答案错误！
2025-10-12 13:08:47,LA 在玩 maimai,Lost-MSth,pizzeria,答案错误,答案错误！
2025-10-12 13:07:59,LA 在玩 maimai,Lost-MSth,galleria,答案错误,答案错误！
2025-10-12 13:06:07,LA 在玩 maimai,Lost-MSth,bacteria,答案错误,答案错误！
2025-10-12 13:06:01,LA 在玩 maimai,Lost-MSth,hysteria,答案错误,答案错误！
2025-10-12 13:05:55,LA 在玩 maimai,Lost-MSth,criteria,答案错误,答案错误！
2025-10-12 13:03:39,LA 在玩 maimai,Lost-MSth,bagheria,答案错误,答案错误！
2025-10-12 13:03:34,LA 在玩 maimai,Lost-MSth,ungheria,答案错误,答案错误！
2025-10-12 12:59:17,LA 在玩 maimai,Lost-MSth,hirtella,答案错误,答案错误！
2025-10-12 12:56:46,LA 在玩 maimai,Lost-MSth,empheria,答案错误,答案错误！
2025-10-12 12:51:34,LA 在玩 maimai,Lost-MSth,lecheria,答案错误,答案错误！
2025-10-12 12:51:21,LA 在玩 maimai,Lost-MSth,eutheria,答案错误,答案错误！
2025-10-12 12:51:09,LA 在玩 maimai,Lost-MSth,estheria,答案错误,答案错误！
2025-10-12 12:51:04,LA 在玩 maimai,Lost-MSth,aetheria,答案错误,答案错误！
2025-10-12 12:50:59,LA 在玩 maimai,Lost-MSth,archeria,答案错误,答案错误！
2025-10-12 11:22:20,US-TC最权威的百科全书,Lost-MSth,lockswap,答案正确,答案正确！
2025-10-12 11:22:05,US-TC最权威的百科全书,Lost-MSth,look swap,答案错误,答案错误！
2025-10-12 11:21:06,US-TC最权威的百科全书,Lost-MSth,ltok swap,答案错误,答案错误！
2025-10-12 11:20:56,US-TC最权威的百科全书,Lost-MSth,ltek swap,答案错误,答案错误！
2025-10-12 11:17:25,心跳谜学部,Lost-MSth,javascript,答案错误,答案错误！
2025-10-12 11:17:09,心跳谜学部,Lost-MSth,script,答案错误,答案错误！
2025-10-12 11:16:00,US-TC最权威的百科全书,Lost-MSth,stop swap,答案错误,答案错误！
2025-10-12 02:21:25,强多有多强,Lost-MSth,Closure,答案正确,答案正确！
2025-10-12 00:47:28,立体集合,Lost-MSth,hard stuff,答案正确,答案正确！
2025-10-12 00:47:20,立体集合,Lost-MSth,card stuff,答案错误,答案错误！
2025-10-12 00:40:26,立体集合,Lost-MSth,best stuff,答案错误,答案错误！
2025-10-11 23:50:52,立体集合,Lost-MSth,背景何意味,里程碑,问号处的背景黑、灰、白
2025-10-11 23:50:32,立体集合,Lost-MSth,分割何意味,里程碑,白色背景部分被几何分割或逻辑分割为了1、2、3块
2025-10-11 23:49:57,立体集合,Lost-MSth,字母何意味,里程碑,大写字母、小写字母、未出现字母
2025-10-11 23:49:39,立体集合,Lost-MSth,形状何意味,里程碑,正方形、长方形、三角形
2025-10-11 23:49:30,立体集合,Lost-MSth,形状何意为,答案错误,答案错误！
2025-10-11 23:48:59,立体集合,Lost-MSth,箭头何意味,里程碑,双向箭头、单向箭头、未出现箭头
2025-10-11 23:48:37,立体集合,Lost-MSth,形状 字母 分割 背景 箭头,答案错误,答案错误！
2025-10-11 23:35:58,立体集合,Lost-MSth,find sets last,里程碑,搜索set或者set game，是一种图形组合游戏，需要每次选出3张卡片，使得这3张卡片的每个属性要么完全相同，要么完全不同。
2025-10-11 23:35:54,立体集合,Lost-MSth,find sets,里程碑,这是本题的一个中间答案！
2025-10-11 23:32:39,立体集合,Lost-MSth,rubik's cube assembly 3D,里程碑,需要将26个碎片拼成魔方，实际上不需要剪下来拼，只需要想象即可。正方形为面中心块，长方形为棱块，三角形为角块，边缘或中心的颜色提示了所在位置。这个模型可以帮到你https://www.geogebra.org/calculator/vurtbaqf
2025-10-11 23:32:13,立体集合,Lost-MSth,rubik's cube assembly,里程碑,这是本题的一个里程碑！
2025-10-11 23:21:41,立体集合,Lost-MSth,05背,里程碑,这是本题的一个小题答案！
2025-10-11 23:21:18,立体集合,Lost-MSth,05c,答案错误,答案错误！
2025-10-11 23:21:06,立体集合,Lost-MSth,05返,答案错误,答案错误！
2025-10-11 23:20:59,立体集合,Lost-MSth,05回,答案错误,答案错误！
2025-10-11 23:15:48,立体集合,Lost-MSth,24t,里程碑,这是本题的一个小题答案！
2025-10-11 23:14:36,立体集合,Lost-MSth,238,里程碑,这是本题的一个小题答案！
2025-10-11 23:13:39,立体集合,Lost-MSth,226,里程碑,这是本题的一个小题答案！
2025-10-11 23:13:05,立体集合,Lost-MSth,215,里程碑,这是本题的一个小题答案！
2025-10-11 23:12:27,立体集合,Lost-MSth,207,里程碑,这是本题的一个小题答案！
2025-10-11 23:11:42,立体集合,Lost-MSth,19d,里程碑,这是本题的一个小题答案！
2025-10-11 23:10:21,立体集合,Lost-MSth,02母,里程碑,这是本题的一个小题答案！
2025-10-11 23:09:41,立体集合,Lost-MSth,18字,里程碑,这是本题的一个小题答案！
2025-10-11 23:08:48,立体集合,Lost-MSth,02检,答案错误,答案错误！
2025-10-11 23:05:05,立体集合,Lost-MSth,17头,里程碑,这是本题的一个小题答案！
2025-10-11 21:55:57,奇点,Lost-MSth,aderlass,答案错误,答案错误！
2025-10-11 21:29:03,奇点,Lost-MSth,提出者首字母,答案错误,答案错误！
2025-10-11 18:54:32,立体集合,Lost-MSth,16s,里程碑,这是本题的一个小题答案！
2025-10-11 18:50:59,立体集合,Lost-MSth,15分,里程碑,这是本题的一个小题答案！
2025-10-11 18:50:09,立体集合,Lost-MSth,15t,答案错误,答案错误！
2025-10-11 18:49:24,立体集合,Lost-MSth,15e,答案错误,答案错误！
2025-10-11 18:49:20,立体集合,Lost-MSth,15s,答案错误,答案错误！
2025-10-11 18:46:57,立体集合,Lost-MSth,14形,里程碑,这是本题的一个小题答案！
2025-10-11 18:42:29,立体集合,Lost-MSth,13状,里程碑,这是本题的一个小题答案！
2025-10-11 18:38:08,立体集合,Lost-MSth,12割,里程碑,这是本题的一个小题答案！
2025-10-11 18:37:51,立体集合,Lost-MSth,12分,答案错误,答案错误！
2025-10-11 18:37:28,立体集合,Lost-MSth,12毛,答案错误,答案错误！
2025-10-11 18:34:58,立体集合,Lost-MSth,11i,里程碑,这是本题的一个小题答案！
2025-10-11 18:33:49,立体集合,Lost-MSth,102,里程碑,这是本题的一个小题答案！
2025-10-11 18:33:15,立体集合,Lost-MSth,094,里程碑,这是本题的一个小题答案！
2025-10-11 18:31:31,立体集合,Lost-MSth,08i,答案错误,答案错误！
2025-10-11 18:29:48,立体集合,Lost-MSth,07景,里程碑,这是本题的一个小题答案！
2025-10-11 18:28:41,立体集合,Lost-MSth,063,里程碑,这是本题的一个小题答案！
2025-10-11 18:23:28,立体集合,Lost-MSth,04箭,里程碑,这是本题的一个小题答案！
2025-10-11 18:22:07,立体集合,Lost-MSth,02craft,答案错误,答案错误！
2025-10-11 18:22:02,立体集合,Lost-MSth,02世,答案错误,答案错误！
2025-10-11 18:21:29,立体集合,Lost-MSth,02c,答案错误,答案错误！
2025-10-11 18:20:34,立体集合,Lost-MSth,02危,答案错误,答案错误！
2025-10-11 18:19:45,立体集合,Lost-MSth,03E,里程碑,这是本题的一个小题答案！
2025-10-11 18:15:49,立体集合,Lost-MSth,011,里程碑,这是本题的一个小题答案！
2025-10-11 18:15:34,立体集合,Lost-MSth,a,答案错误,答案错误！
2025-10-11 18:15:19,立体集合,Lost-MSth,1,答案错误,答案错误！
2025-10-11 18:05:38,再见，汉字方阵,Lost-MSth,nova,答案正确,答案正确！
2025-10-11 17:48:04,生成树,Lost-MSth,ORCHESTRAL MUSIC,答案正确,答案正确！
2025-10-11 17:48:00,生成树,Lost-MSth,乐章,里程碑,一曲管弦乐响起……请提交正确答案【ORCHESTRAL MUSIC】！
2025-10-11 17:11:59,心跳谜学部,Lost-MSth,词语开头同音替换提取摩斯,里程碑,这是本题的一个中间答案！
2025-10-11 17:07:39,心跳谜学部,Lost-MSth,groups,里程碑,这是本题的一个中间答案！
2025-10-11 17:04:37,心跳谜学部,Lost-MSth,grumps,答案错误,答案错误！
2025-10-11 14:17:10,似乎有着能够变出答案的隐藏指令,Lost-MSth,Trojan,答案正确,答案正确！
2025-10-11 14:17:02,似乎有着能够变出答案的隐藏指令,Lost-MSth,木马,里程碑,回答正确！请提交它的6字母英文翻译。
2025-10-11 11:15:22,强多有多强,DE,SUCCESS,答案错误,答案错误！
2025-10-11 01:48:41,万千世界,Lost-MSth,telegraph,答案正确,答案正确！
2025-10-11 01:48:06,万千世界,Lost-MSth,tele grape,答案错误,答案错误！
2025-10-11 01:47:42,万千世界,Lost-MSth,telephone,答案错误,答案错误！
2025-10-10 21:57:45,似乎有着能够变出答案的隐藏指令,Lost-MSth,棋,答案错误,答案错误！
2025-10-10 21:32:50,要按下按钮吗？,Lost-MSth,revenant,答案正确,答案正确！
2025-10-10 21:32:19,要按下按钮吗？,Lost-MSth,covenant,答案错误,答案错误！
2025-10-10 20:56:03,Red and Blue,Lost-MSth,words lost,答案错误,答案错误！
2025-10-10 20:55:58,Red and Blue,Lost-MSth,who is lost,答案错误,答案错误！
2025-10-10 20:55:33,Red and Blue,Lost-MSth,which lost,答案错误,答案错误！
2025-10-10 19:36:17,诞生,Lost-MSth,duplicated button,答案正确,答案正确！
2025-10-10 19:34:12,诞生,Lost-MSth,duplicated before,答案错误,答案错误！
2025-10-10 17:42:34,我题呢？,Lost-MSth,lazy route,答案正确,答案正确！
2025-10-10 17:13:56,再见，汉字方阵,Lost-MSth,canon ,答案错误,答案错误！
2025-10-10 17:13:47,再见，汉字方阵,Lost-MSth,annoy,答案错误,答案错误！
2025-10-10 17:05:51,再见，汉字方阵,Lost-MSth,onoma,答案错误,答案错误！
2025-10-10 16:52:52,再见，汉字方阵,Lost-MSth,nando,答案错误,答案错误！
2025-10-10 16:52:11,再见，汉字方阵,Lost-MSth,oooda,答案错误,答案错误！
2025-10-10 16:38:37,再见，汉字方阵,Lost-MSth,nonda,答案错误,答案错误！
2025-10-10 16:38:28,再见，汉字方阵,Lost-MSth,onoda,答案错误,答案错误！
2025-10-10 16:36:53,再见，汉字方阵,Lost-MSth,donna,答案错误,答案错误！
2025-10-10 16:29:46,再见，汉字方阵,Lost-MSth,linda,答案错误,答案错误！
2025-10-10 16:29:04,再见，汉字方阵,Lost-MSth,broad,答案错误,答案错误！
2025-10-10 16:10:25,欧式战争,Lost-MSth,u discuss,答案正确,答案正确！
2025-10-10 16:10:17,欧式战争,Lost-MSth,you discuss,里程碑,回答正确！请把第一个单词缩写为单个字母！
2025-10-10 16:08:05,欧式战争,Lost-MSth,your cactus,答案错误,答案错误！
2025-10-10 16:05:27,欧式战争,Lost-MSth,your cycles,答案错误,答案错误！
2025-10-10 14:17:20,流星雨,Lost-MSth,pharmacy menu,答案正确,答案正确！
2025-10-10 14:17:13,流星雨,Lost-MSth,menu pharmacy,答案错误,答案错误！
2025-10-10 14:17:02,流星雨,Lost-MSth,pharmacy,答案错误,答案错误！
2025-10-10 14:13:19,流星雨,Lost-MSth,menu,答案错误,答案错误！
2025-10-10 14:09:03,流星雨,Lost-MSth,name,答案错误,答案错误！
2025-10-10 14:08:26,流星雨,Lost-MSth,line,答案错误,答案错误！
2025-10-10 14:06:29,流星雨,Lost-MSth,word,答案错误,答案错误！
2025-10-10 13:58:26,流星雨,Lost-MSth,game,里程碑,这是本题的一个中间答案！
2025-10-10 13:57:58,流星雨,Lost-MSth,gape,答案错误,答案错误！
2025-10-10 13:52:27,流星雨,Lost-MSth,from,里程碑,这是本题的一个中间答案！
2025-10-10 13:46:22,流星雨,Lost-MSth,title,里程碑,这是本题的一个中间答案！
2025-10-10 13:45:13,流星雨,Lost-MSth,every,里程碑,这是本题的一个中间答案！
2025-10-10 13:44:55,流星雨,Lost-MSth,ever,答案错误,答案错误！
2025-10-10 13:37:17,流星雨,Lost-MSth,letters,里程碑,这是本题的一个中间答案！
2025-10-10 13:36:53,流星雨,Lost-MSth,jetters,答案错误,答案错误！
2025-10-10 13:33:10,流星雨,Lost-MSth,first,里程碑,这是本题的一个中间答案！
2025-10-10 12:33:43,风水轮流转,Lost-MSth,numeral storm,答案正确,答案正确！
2025-10-10 12:31:28,风水轮流转,Lost-MSth,numerals toil,答案错误,答案错误！
2025-10-10 12:26:53,风水轮流转,Lost-MSth,numerals to fl,答案错误,答案错误！
2025-10-10 12:24:19,风水轮流转,Lost-MSth,numeral sterl,答案错误,答案错误！
2025-10-10 12:11:33,风水轮流转,Lost-MSth,numeral steel,答案错误,答案错误！
2025-10-10 12:11:28,风水轮流转,Lost-MSth,numeral still,答案错误,答案错误！
2025-10-10 12:10:38,风水轮流转,Lost-MSth,numeral stohl,答案错误,答案错误！
2025-10-10 12:10:31,风水轮流转,Lost-MSth,numeral store,答案错误,答案错误！
2025-10-10 12:10:24,风水轮流转,Lost-MSth,numeral storl,答案错误,答案错误！
2025-10-10 12:05:12,风水轮流转,Lost-MSth,numerals toul,答案错误,答案错误！
2025-10-10 12:05:06,风水轮流转,Lost-MSth,numeral suppl ,答案错误,答案错误！
2025-10-10 11:59:20,风水轮流转,Lost-MSth,numerals toll,答案错误,答案错误！
2025-10-10 11:59:09,风水轮流转,Lost-MSth,numerals tool,答案错误,答案错误！
2025-10-10 11:50:08,风水轮流转,Lost-MSth,new era is tool,答案错误,答案错误！
2025-10-10 11:35:31,风水轮流转,Lost-MSth,new era as twin,答案错误,答案错误！
2025-10-10 11:35:24,风水轮流转,Lost-MSth,new era is twin,答案错误,答案错误！
2025-10-10 10:56:14,素质这一块,Lost-MSth,hive attached,答案正确,答案正确！
2025-10-10 10:55:25,素质这一块,Lost-MSth,hiveattayhed,答案错误,答案错误！
2025-10-10 10:48:37,素质这一块,Lost-MSth,redherring,里程碑,啊呀！你遇到了干扰项（红鲱鱼）！
2025-10-10 02:27:21,Chat，你的人工智障助手,Lost-MSth,deep search,答案正确,答案正确！
2025-10-10 01:56:53,作者的独白,Lost-MSth,tshapedicon,答案正确,答案正确！
2025-10-10 01:56:36,作者的独白,Lost-MSth,shapeicon,答案错误,答案错误！
2025-10-10 01:56:31,作者的独白,Lost-MSth,shapedicon,答案错误,答案错误！
2025-10-10 00:21:32,数据删除,Lost-MSth,rmdashi,答案正确,答案正确！
2025-10-10 00:20:26,数据删除,Lost-MSth,A Palm Tree,里程碑,这是本题的小题答案之一！
2025-10-10 00:18:05,数据删除,Lost-MSth,The Signal,里程碑,这是本题的小题答案之一！
2025-10-09 23:59:16,数据删除,Lost-MSth,vgroove,答案错误,答案错误！
2025-10-09 23:48:53,数据删除,Lost-MSth,rich mrs,答案错误,答案错误！
2025-10-09 23:48:48,数据删除,Lost-MSth,with mrs,答案错误,答案错误！
2025-10-09 23:45:46,数据删除,Lost-MSth,cheekyphonebooth,里程碑,这是本题的小题答案之一！
2025-10-09 23:33:49,数据删除,Lost-MSth,fractal tinsel,里程碑,这是本题的小题答案之一！
2025-10-09 23:05:49,数据删除,Lost-MSth,bemaphate,答案错误,答案错误！
2025-10-09 20:19:23,Local Alchemy,Lost-MSth,Published Rune,答案错误,答案错误！
2025-10-09 19:56:38,Local Alchemy,Lost-MSth,Rune Inscriber how,里程碑,注意一个初始解锁的环境，它的建筑花纹很像沙漠神殿，请用铲子和它交互！
2025-10-09 16:31:49,并非模板,Lost-MSth,aspect,答案正确,答案正确！
2025-10-09 16:28:48,并非模板,Lost-MSth,anceps,答案错误,答案错误！
2025-10-09 16:28:40,并非模板,Lost-MSth,panics,答案错误,答案错误！
2025-10-09 16:19:00,起点,Lost-MSth,ryuichi,答案正确,答案正确！
2025-10-09 16:18:12,起点,Lost-MSth,Yuichi Inoue,答案错误,答案错误！
2025-10-09 16:17:33,起点,Lost-MSth,chiba,答案错误,答案错误！
2025-10-09 16:17:16,起点,Lost-MSth,Yuichi Chiba,答案错误,答案错误！
2025-10-09 16:15:43,起点,Lost-MSth,yuichi,里程碑,那么……“一”在哪里呢？
2025-10-09 15:55:53,你这辈子就是被单表害了,Lost-MSth,trident crusade,答案正确,答案正确！
2025-10-09 15:52:52,你这辈子就是被单表害了,Lost-MSth,sucre advertent,答案错误,答案错误！
2025-10-09 14:48:18,数据删除,Lost-MSth,rmureni,答案错误,答案错误！
2025-10-09 14:47:52,数据删除,Lost-MSth,rmeneli,答案错误,答案错误！
2025-10-09 14:33:15,数据删除,DE,森林之眼,里程碑,这是本题的小题答案之一！
2025-10-09 14:06:56,数据删除,DE,原子力性原生生物,里程碑,这是本题的小题答案之一！
2025-10-09 14:06:48,数据删除,DE,げんしりょくせいげんせいせいぶつ,答案错误,答案错误！
2025-10-09 13:58:08,数据删除,DE,anti matter parasite,里程碑,这是本题的小题答案之一！
2025-10-09 13:55:47,混乱诗歌,Lost-MSth,inlooks,答案正确,答案正确！
2025-10-09 13:00:36,一镜到底,DE,autotoxic,答案错误,答案错误！
2025-10-09 13:00:18,一镜到底,DE,antitoxic,答案错误,答案错误！
2025-10-09 12:52:03,一镜到底,Lost-MSth,test toxin,答案错误,答案错误！
2025-10-09 12:48:13,一镜到底,DE,saxitoxin,答案错误,答案错误！
2025-10-09 12:40:25,一镜到底,Lost-MSth,sotetoxin,答案错误,答案错误！
2025-10-09 01:46:58,豆知识,Lost-MSth,banjo selecting,答案正确,答案正确！
2025-10-09 01:19:01,LA 在玩 maimai,Lost-MSth,tesserae,答案错误,答案错误！
2025-10-09 00:57:25,阿Q小D,Lost-MSth,outside,答案正确,答案正确！
2025-10-09 00:57:00,阿Q小D,Lost-MSth,外,里程碑,回答正确！请提交它的7字母英文翻译。
2025-10-09 00:55:06,阿Q小D,Lost-MSth,冬,答案错误,答案错误！
2025-10-09 00:45:37,彩虹上的彩虹,Lost-MSth,rainbow ingredients,答案正确,答案正确！
2025-10-08 23:03:02,回环，图形与时空穿越,Lost-MSth,trapped on hexagon,答案正确,答案正确！
2025-10-08 23:02:25,回环，图形与时空穿越,Lost-MSth,trapedon,答案错误,答案错误！
2025-10-08 23:02:22,回环，图形与时空穿越,Lost-MSth,trapedon hexagon ﻿,答案错误,答案错误！
2025-10-08 22:52:52,轮回之声,Lost-MSth,hexagon,答案正确,答案正确！
2025-10-08 22:51:08,轮回之声,Lost-MSth,six moon,答案错误,答案错误！
2025-10-08 22:49:56,轮回之声,Lost-MSth,six iron,答案错误,答案错误！
2025-10-08 22:49:46,轮回之声,Lost-MSth,sixth on,答案错误,答案错误！
2025-10-08 22:32:02,轮回之声,Lost-MSth,fiction,答案错误,答案错误！
2025-10-08 22:31:06,一镜到底,Lost-MSth,Titanium,答案错误,答案错误！
2025-10-08 22:26:25,轮回之声,Lost-MSth,oneupon,答案错误,答案错误！
2025-10-08 22:26:13,轮回之声,Lost-MSth,oneiron ,答案错误,答案错误！
2025-10-08 22:25:37,轮回之声,Lost-MSth,tention,答案错误,答案错误！
2025-10-08 22:13:33,一镜到底,Lost-MSth,soto toxin,答案错误,答案错误！
2025-10-08 21:56:46,轮回之声,Lost-MSth,macau on,答案错误,答案错误！
2025-10-08 21:44:47,轮回之声,Lost-MSth,tension,答案错误,答案错误！
2025-10-08 21:44:26,轮回之声,Lost-MSth,tenauon,答案错误,答案错误！
2025-10-08 21:41:35,一镜到底,Lost-MSth,not a toxin,答案错误,答案错误！
2025-10-08 21:39:27,轮回之声,Lost-MSth,oneauon,答案错误,答案错误！
2025-10-08 20:20:41,轮回之声,Lost-MSth,TIN IN SN,答案错误,答案错误！
2025-10-08 20:17:22,轮回之声,Lost-MSth,sec,答案错误,答案错误！
2025-10-08 19:46:59,轮回之声,Lost-MSth,switch,答案错误,答案错误！
2025-10-08 19:29:51,轮回之声,Lost-MSth,shift metal oine switch,答案错误,答案错误！
2025-10-08 19:29:37,轮回之声,Lost-MSth,ans shift metal oine switch,答案错误,答案错误！
2025-10-08 19:03:32,轮回之声,Lost-MSth,shift,答案错误,答案错误！
2025-10-08 18:47:31,轮回之声,Lost-MSth,ansshift,答案错误,答案错误！
2025-10-08 17:39:35,轮回之声,Lost-MSth,metal,答案错误,答案错误！
2025-10-08 17:33:16,概率与波之形,Lost-MSth,activatelight,答案正确,答案正确！
2025-10-08 16:51:34,一镜到底,Lost-MSth,both toxin,答案错误,答案错误！
2025-10-08 16:51:22,概率与波之形,Lost-MSth,this line segment is a screen,答案错误,答案错误！
2025-10-08 16:51:10,概率与波之形,Lost-MSth,vertical needles across the line,答案错误,答案错误！
2025-10-08 16:12:09,一镜到底,Lost-MSth,betatoxin ,答案错误,答案错误！
2025-10-08 16:10:33,一镜到底,Lost-MSth,batitinan,答案错误,答案错误！
2025-10-08 16:04:39,一镜到底,Lost-MSth,antitoxin ,答案错误,答案错误！
2025-10-08 16:04:26,一镜到底,Lost-MSth,outstrain,答案错误,答案错误！
2025-10-08 15:46:52,一镜到底,Lost-MSth,site topic,答案错误,答案错误！
2025-10-08 15:46:16,一镜到底,Lost-MSth,shtetinin,答案错误,答案错误！
2025-10-08 15:44:34,一镜到底,Lost-MSth,site their,答案错误,答案错误！
2025-10-08 14:40:37,一镜到底,Lost-MSth,sumotoris,答案错误,答案错误！
2025-10-08 14:40:31,一镜到底,Lost-MSth,serotonin ,答案错误,答案错误！
2025-10-08 14:39:44,一镜到底,Lost-MSth,sapotoxin ,答案错误,答案错误！
2025-10-08 14:36:40,一镜到底,Lost-MSth,shortlist,答案错误,答案错误！
2025-10-08 14:35:55,一镜到底,Lost-MSth,spotlight,答案错误,答案错误！
2025-10-08 14:35:50,一镜到底,Lost-MSth,hostility,答案错误,答案错误！
2025-10-08 14:35:45,一镜到底,Lost-MSth,instituto,答案错误,答案错误！
2025-10-08 14:35:10,一镜到底,Lost-MSth,soto to win,答案错误,答案错误！
2025-10-08 14:24:45,一镜到底,Lost-MSth,ectotoxin,答案错误,答案错误！
2025-10-08 14:21:20,一镜到底,Lost-MSth,motorists,答案错误,答案错误！
2025-10-08 14:20:58,一镜到底,Lost-MSth,postpoint,答案错误,答案错误！
2025-10-08 14:20:47,一镜到底,Lost-MSth,postition,答案错误,答案错误！
2025-10-08 14:20:30,一镜到底,Lost-MSth,tattooist,答案错误,答案错误！
2025-10-08 14:17:07,一镜到底,Lost-MSth,fastpoint,答案错误,答案错误！
2025-10-08 14:16:55,一镜到底,Lost-MSth,firstpost,答案错误,答案错误！
2025-10-08 14:10:24,一镜到底,Lost-MSth,metataxic ,答案错误,答案错误！
2025-10-08 14:10:19,一镜到底,Lost-MSth,metatypic,答案错误,答案错误！
2025-10-08 14:10:15,一镜到底,Lost-MSth,metataxis ,答案错误,答案错误！
2025-10-08 14:10:07,一镜到底,Lost-MSth,metatatic ,答案错误,答案错误！
2025-10-08 14:09:36,一镜到底,Lost-MSth,sstitanic,答案错误,答案错误！
2025-10-08 14:06:29,一镜到底,Lost-MSth,up to train,答案错误,答案错误！
2025-10-08 14:06:25,一镜到底,Lost-MSth,up to their,答案错误,答案错误！
2025-10-08 14:05:32,一镜到底,Lost-MSth,so to their,答案错误,答案错误！
2025-10-08 14:05:27,一镜到底,Lost-MSth,seto train,答案错误,答案错误！
2025-10-08 14:05:22,一镜到底,Lost-MSth,soto trail,答案错误,答案错误！
2025-10-08 14:05:18,一镜到底,Lost-MSth,sato to win,答案错误,答案错误！
2025-10-08 14:04:56,一镜到底,Lost-MSth,sat otfrid,答案错误,答案错误！
2025-10-08 14:04:40,一镜到底,Lost-MSth,set otfrid,答案错误,答案错误！
2025-10-08 13:51:19,论巴别塔的倒掉,Lost-MSth,decimal,答案正确,答案正确！
2025-10-08 13:32:22,论巴别塔的倒掉,Lost-MSth,bctpe,答案错误,答案错误！
2025-10-08 13:20:52,一镜到底,Lost-MSth,autotelic ,答案错误,答案错误！
2025-10-08 13:20:47,一镜到底,Lost-MSth,cytotoxin,答案错误,答案错误！
2025-10-08 13:20:39,一镜到底,Lost-MSth,cytotoxic ,答案错误,答案错误！
2025-10-08 13:20:31,一镜到底,Lost-MSth,autotoxin,答案错误,答案错误！
2025-10-08 13:02:50,论巴别塔的倒掉,Lost-MSth,guillop,答案错误,答案错误！
2025-10-08 12:36:58,原始人的数学,Lost-MSth,%,答案错误,答案错误！
2025-10-08 12:33:58,原始人的数学,Lost-MSth,input percent sign,答案正确,答案正确！
2025-10-08 12:23:02,原始人的数学,Lost-MSth,input,里程碑,这是本题答案的一部分！
2025-10-08 12:06:09,写生,Lost-MSth,ion solo,答案正确,答案正确！
2025-10-08 12:05:23,海啸,Lost-MSth,angry,答案错误,答案错误！
2025-10-08 12:05:18,流星雨,Lost-MSth,angry,答案错误,答案错误！
2025-10-08 11:56:19,写生,Lost-MSth,switch,答案错误,答案错误！
2025-10-08 11:55:03,写生,Lost-MSth,on,答案错误,答案错误！
2025-10-08 11:30:30,几面间谍,Lost-MSth,equaltwo,答案正确,答案正确！
2025-10-08 02:33:56,几面间谍,Lost-MSth,get cantor each columns in connection,里程碑,为了能每一列提取康托展开，题面应该调整至合适的形式
2025-10-08 02:32:48,几面间谍,Lost-MSth,umns in connection,里程碑,这是里程碑的一部分！
2025-10-08 00:58:16,几面间谍,Lost-MSth,trial,里程碑,这是本题的小题答案之一！
2025-10-08 00:56:24,几面间谍,Lost-MSth,pbwh,答案错误,答案错误！
2025-10-08 00:54:55,几面间谍,Lost-MSth,get cantor each col,里程碑,这是里程碑的一部分！
2025-10-08 00:54:09,几面间谍,Lost-MSth,octadecagon,里程碑,这是本题的小题答案之一！
2025-10-08 00:52:02,几面间谍,Lost-MSth,novelettist,答案错误,答案错误！
2025-10-08 00:51:57,几面间谍,Lost-MSth,novelettish ,答案错误,答案错误！
2025-10-08 00:50:22,几面间谍,Lost-MSth,octohedrons ,答案错误,答案错误！
2025-10-08 00:50:19,几面间谍,Lost-MSth,octonarians ,答案错误,答案错误！
2025-10-08 00:50:15,几面间谍,Lost-MSth,octonocular ,答案错误,答案错误！
2025-10-08 00:50:11,几面间谍,Lost-MSth,octopushers,答案错误,答案错误！
2025-10-08 00:49:56,几面间谍,Lost-MSth,octodianome,答案错误,答案错误！
2025-10-08 00:49:43,几面间谍,Lost-MSth,octodecimos ,答案错误,答案错误！
2025-10-08 00:49:40,几面间谍,Lost-MSth,octodecimal ,答案错误,答案错误！
2025-10-08 00:49:36,几面间谍,Lost-MSth,octodactyle,答案错误,答案错误！
2025-10-08 00:49:27,几面间谍,Lost-MSth,octodentate,答案错误,答案错误！
2025-10-08 00:48:19,几面间谍,Lost-MSth,quattrocchi,答案错误,答案错误！
2025-10-08 00:48:12,几面间谍,Lost-MSth,quatrocento,答案错误,答案错误！
2025-10-08 00:48:07,几面间谍,Lost-MSth,quatrepoint,答案错误,答案错误！
2025-10-08 00:48:02,几面间谍,Lost-MSth,quatrefoils,答案错误,答案错误！
2025-10-08 00:47:56,几面间谍,Lost-MSth,quatorzains,答案错误,答案错误！
2025-10-08 00:47:47,几面间谍,Lost-MSth,quaternions,答案错误,答案错误！
2025-10-08 00:41:38,几面间谍,Lost-MSth,terrt,答案错误,答案错误！
2025-10-08 00:41:18,几面间谍,Lost-MSth,terry,答案错误,答案错误！
2025-10-08 00:41:00,几面间谍,Lost-MSth,terse,答案错误,答案错误！
2025-10-08 00:40:55,几面间谍,Lost-MSth,terms ,答案错误,答案错误！
2025-10-08 00:40:43,几面间谍,Lost-MSth,terra,答案错误,答案错误！
2025-10-08 00:39:04,几面间谍,Lost-MSth,get canton each col,答案错误,答案错误！
2025-10-08 00:38:39,几面间谍,Lost-MSth,get cantos each col,答案错误,答案错误！
2025-10-08 00:25:06,几面间谍,Lost-MSth,Leepi,里程碑,这是本题的小题答案之一！
2025-10-08 00:24:59,几面间谍,Lost-MSth,Ampil,答案错误,答案错误！
2025-10-08 00:24:27,几面间谍,Lost-MSth,Maria,答案错误,答案错误！
2025-10-08 00:19:33,几面间谍,Lost-MSth,and,答案错误,答案错误！
2025-10-08 00:19:12,几面间谍,Lost-MSth,rorre,答案错误,答案错误！
2025-10-08 00:15:52,几面间谍,Lost-MSth,alpha,里程碑,这是本题的小题答案之一！
2025-10-08 00:15:48,几面间谍,Lost-MSth,omega,答案错误,答案错误！
2025-10-08 00:13:42,几面间谍,Lost-MSth,Wukong,里程碑,这是本题的小题答案之一！
2025-10-08 00:04:46,几面间谍,Lost-MSth,nu,里程碑,这是本题的小题答案之一！
2025-10-08 00:04:43,几面间谍,Lost-MSth,nv,答案错误,答案错误！
2025-10-08 00:03:31,几面间谍,Lost-MSth,eanod,答案错误,答案错误！
2025-10-08 00:01:08,几面间谍,Lost-MSth,omicron,里程碑,这是本题的小题答案之一！
2025-10-07 23:58:14,几面间谍,Lost-MSth,cystine,里程碑,这是本题的小题答案之一！
2025-10-07 23:51:13,几面间谍,Lost-MSth,induced ,答案错误,答案错误！
2025-10-07 23:50:39,几面间谍,Lost-MSth,inlaces ,答案错误,答案错误！
2025-10-07 23:50:34,几面间谍,Lost-MSth,inlaced,答案错误,答案错误！
2025-10-07 23:43:28,几面间谍,Lost-MSth,oedyv,答案错误,答案错误！
2025-10-07 23:42:34,几面间谍,Lost-MSth,vydeo,答案错误,答案错误！
2025-10-07 23:42:29,几面间谍,Lost-MSth,video,答案错误,答案错误！
2025-10-07 23:41:26,几面间谍,Lost-MSth,oedym,答案错误,答案错误！
2025-10-07 23:40:45,几面间谍,Lost-MSth,mydeo,答案错误,答案错误！
2025-10-07 23:37:38,几面间谍,Lost-MSth,threonine,里程碑,这是本题的小题答案之一！
2025-10-07 23:37:21,几面间谍,Lost-MSth,error,答案错误,答案错误！
2025-10-07 23:37:01,几面间谍,Lost-MSth,tau,里程碑,这是本题的小题答案之一！
2025-10-07 23:36:51,几面间谍,Lost-MSth,glycine,里程碑,这是本题的小题答案之一！
2025-10-07 23:20:52,流星雨,Lost-MSth,two,里程碑,这是本题的一个中间答案！
2025-10-07 22:59:12,几面间谍,Lost-MSth,universe,里程碑,这是本题的小题答案之一！
2025-10-07 22:51:13,几面间谍,Lost-MSth,soulik,里程碑,这是本题的小题答案之一！
2025-10-07 22:45:09,几面间谍,Lost-MSth,quinapalus,里程碑,这是本题的小题答案之一！
2025-10-07 22:43:11,几面间谍,Lost-MSth,glutamicacid,里程碑,这是本题的小题答案之一！
2025-10-07 22:40:38,几面间谍,Lost-MSth,glutamicacbd,答案错误,答案错误！
2025-10-07 22:37:01,几面间谍,Lost-MSth,gaemi,里程碑,这是本题的小题答案之一！
2025-10-07 21:48:13,千点谜,Lost-MSth,tesla,答案正确,答案正确！
2025-10-07 21:41:50,千点谜,Lost-MSth,asset,答案错误,答案错误！
2025-10-07 21:40:13,千点谜,Lost-MSth,testa,答案错误,答案错误！
2025-10-07 21:39:51,千点谜,Lost-MSth,vista,答案错误,答案错误！
2025-10-07 21:39:45,千点谜,Lost-MSth,pasta,答案错误,答案错误！
2025-10-07 21:38:20,千点谜,Lost-MSth,square,答案错误,答案错误！
2025-10-07 20:34:22,千点谜,Lost-MSth,polar,答案错误,答案错误！
2025-10-07 19:08:38,海啸,Lost-MSth,gre,答案错误,答案错误！
2025-10-07 18:48:01,过眼云烟,Lost-MSth,ERODE THE CLOUD,答案正确,答案正确！
2025-10-07 18:42:00,过眼云烟,Lost-MSth,click,里程碑,喀嚓！请向站内信发送任意云（现实的或虚拟的）照片以获得本题答案！
2025-10-07 18:32:51,过眼云烟,Lost-MSth,cnicas,答案错误,答案错误！
2025-10-07 18:32:38,过眼云烟,Lost-MSth,ciacns,答案错误,答案错误！
2025-10-07 18:21:39,失意的作曲家,Lost-MSth,android fact,答案正确,答案正确！
2025-10-07 18:20:24,失意的作曲家,Lost-MSth,android,答案错误,答案错误！
2025-10-07 18:20:16,失意的作曲家,Lost-MSth,android face,答案错误,答案错误！
2025-10-07 18:16:21,失意的作曲家,Lost-MSth,androgdfacb,答案错误,答案错误！
2025-10-07 17:54:45,失意的作曲家,Lost-MSth,city school,答案错误,答案错误！
2025-10-07 17:44:11,过眼云烟,Lost-MSth,accisc,答案错误,答案错误！
2025-10-07 16:48:57,过眼云烟,Lost-MSth,earth,答案错误,答案错误！
2025-10-07 16:35:11,大厦混战！,Lost-MSth,edisons cite,答案正确,答案正确！
2025-10-07 15:02:40,关注点,Lost-MSth,tryeach,答案正确,答案正确！
2025-10-07 12:59:38,エラートレイン,Lost-MSth,huge cider,答案正确,答案正确！
2025-10-07 12:59:26,エラートレイン,Lost-MSth,hugh cider,答案错误,答案错误！
2025-10-07 12:52:10,エラートレイン,Lost-MSth,high cider,答案错误,答案错误！
2025-10-07 12:34:41,エラートレイン,Lost-MSth,httpcodes,里程碑,这是本题的一个中间答案！
2025-10-07 12:26:28,推箱子,Lost-MSth,ACCEPT FORM,答案正确,答案正确！
2025-10-07 11:44:09,特征筛选,Lost-MSth,siempre,答案正确,答案正确！
2025-10-07 11:32:40,出题人的10000个马甲,Lost-MSth,supreme peep,答案正确,答案正确！
2025-10-07 11:32:23,出题人的10000个马甲,Lost-MSth,supreme peel,答案错误,答案错误！
2025-10-07 11:32:16,出题人的10000个马甲,Lost-MSth,supreme peer,答案错误,答案错误！
2025-10-07 11:29:06,出题人的10000个马甲,Lost-MSth,supreme peek,答案错误,答案错误！
2025-10-07 11:25:45,出题人的10000个马甲,Lost-MSth,star mapper,答案错误,答案错误！
2025-10-07 11:25:38,出题人的10000个马甲,Lost-MSth,supreme poet,答案错误,答案错误！
2025-10-07 02:34:46,满园春色关不住,Lost-MSth,tierra grieta,答案正确,答案正确！
2025-10-07 01:13:18,坏时光,Lost-MSth,lives and dies,答案正确,答案正确！
2025-10-07 01:05:51,移位诡计,Lost-MSth,prototype disc,答案正确,答案正确！
2025-10-07 01:05:05,移位诡计,Lost-MSth,circular disc,答案错误,答案错误！
2025-10-07 01:04:58,阿Q小D,Lost-MSth,circular disc,答案错误,答案错误！
2025-10-06 22:13:24,将士激昂,Lost-MSth,urban,答案正确,答案正确！
2025-10-06 22:12:03,将士激昂,Lost-MSth,amsurban,答案错误,答案错误！
2025-10-06 21:24:31,阿Q小D,Lost-MSth,adcdb,答案错误,答案错误！
2025-10-06 21:23:24,阿Q小D,Lost-MSth,03231,答案错误,答案错误！
2025-10-06 21:21:46,阿Q小D,Lost-MSth,qpauk,答案错误,答案错误！
2025-10-06 21:05:20,什么跟什么？,Lost-MSth,miami,答案正确,答案正确！
2025-10-06 20:59:20,没米了！,Lost-MSth,RMB ALBUM,答案正确,答案正确！
2025-10-06 20:53:49,没米了！,Lost-MSth,钱,里程碑,回答正确！请向站内信发送任意游戏货币或真实货币的图片以获得本题的答案！
2025-10-06 20:44:43,终点,Lost-MSth,treasury,答案正确,答案正确！
2025-10-06 20:42:45,一岁一枯荣,Lost-MSth,seasonaldemise,答案正确,答案正确！
2025-10-06 20:37:16,HELLO US-TC,Lost-MSth,husky type,答案正确,答案正确！
2025-10-06 20:36:45,HELLO US-TC,Lost-MSth,ype,里程碑,这是本题的小题答案之一！
2025-10-06 20:33:37,HELLO US-TC,Lost-MSth,kyt,里程碑,这是本题的小题答案之一！
2025-10-06 20:26:04,HELLO US-TC,Lost-MSth,HUS,里程碑,这是本题的小题答案之一！